line_id,description,hs6,origin_country,value_chf,supplier
L01,"Drehstrommotor 5.5 kW IE3, 4-polig, B35",850152,DE,1250.00,Motorenwerk Rheintal-Fiktiv GmbH
L02,"Laufrad Edelstahl 1.4408, Feinguss, Ø 210 mm",841391,IT,620.00,Fonderia Valcuvia-Fittizia S.r.l.
L03,"Spiralgehäuse GJL-250, Rohguss DN80",841391,IT,540.00,Fonderia Valcuvia-Fittizia S.r.l.
L04,Gleitringdichtung 35 mm SiC/SiC/EPDM,848420,DE,310.00,Dichtungstechnik Neckar-Fiktiv GmbH
L05,Rillenkugellager 6309-2Z C3 (2 Stk.),,SE,68.00,Fiktiv Lager AB
L06,"Pumpenwelle 42CrMo4, geschliffen",848310,CH,145.00,Drehteile Tösstal-Fiktiv AG
L07,Frequenzumrichter 5.5 kW IP55,850440,FI,980.00,Fiktiivinen Drives Oy
L08,"Grundrahmen Stahl geschweisst, feuerverzinkt",732690,CH,210.00,Metallbau Linth-Fiktiv AG
L09,O-Ring-Satz EPDM (Gehäusedichtung),,DE,18.50,Dichtungstechnik Neckar-Fiktiv GmbH
L10,Schrauben- und Mutternsatz A4-70,731815,DE,24.80,Schraubenhandel Bodensee-Fiktiv GmbH
L11,Elastische Kupplung Grösse 38 (flexible coupling),848360,IT,96.00,Trasmissioni Lario-Fittizie S.p.A.
L12,Klemmenkasten mit Kabelverschraubung M25,,CN,42.00,Ningbo Xugou Electric Fittings Co.
L13,"Typenschild Alu, lasergraviert",831000,CH,6.50,Gravuratelier Thur-Fiktiv GmbH
L14,2K-Epoxy-Decklack RAL 5015,320890,CH,35.00,Farbwerk Glatt-Fiktiv AG
